x,y,z,cell_type,volume
7.5,-50.0,-7.5,MCF7_core,3829.5797660958992
7.5,-50.0,7.5,MCF7_core,3462.9750775862944
7.5,-30.0,-7.5,MCF7_core,2032.5393884066168
7.5,-30.0,7.5,MCF7_core,1347.1552378921062
7.5,-10.0,-7.5,MCF7_core,2417.1025636586264
7.5,-10.0,7.5,MCF7_core,1966.2397559622666
7.5,10.0,-7.5,MCF7_core,3572.5492577896293
7.5,10.0,7.5,MCF7_core,1535.3852960294369
7.5,30.0,-7.5,MCF7_core,2270.075766215158
7.5,30.0,7.5,MCF7_core,2722.8231708814415
7.5,50.0,-7.5,MCF7_core,4099.617010651182
7.5,50.0,7.5,MCF7_core,2389.1713312945712
22.5,-50.0,-7.5,MCF7_core,1444.3360926858645
22.5,-50.0,7.5,MCF7_core,3453.8586647857983
22.5,-30.0,-7.5,MCF7_core,2871.160872104071
22.5,-30.0,7.5,MCF7_core,1311.4967861084756
22.5,-10.0,-7.5,MCF7_core,4106.542176054144
22.5,-10.0,7.5,MCF7_core,4416.213861304442
22.5,10.0,-7.5,MCF7_core,3684.5590371783405
22.5,10.0,7.5,MCF7_core,4074.403196673743
22.5,30.0,-7.5,MCF7_core,1564.3636644001067
22.5,30.0,7.5,MCF7_core,3343.740646273294
22.5,50.0,-7.5,MCF7_core,4060.294573326699
22.5,50.0,7.5,MCF7_core,3149.355074535088
37.5,-50.0,-7.5,MCF7_core,2251.190684976414
37.5,-50.0,7.5,MCF7_core,676.3529819682574
37.5,-30.0,-7.5,MCF7_core,2090.201747956952
37.5,-30.0,7.5,MCF7_core,2839.43859000703
37.5,-10.0,-7.5,MCF7_core,4120.384263518041
37.5,-10.0,7.5,MCF7_core,4347.617678074463
37.5,10.0,-7.5,MCF7_core,2271.82605062821
37.5,10.0,7.5,MCF7_core,3918.1410317662
37.5,30.0,-7.5,MCF7_core,1353.8352975998296
37.5,30.0,7.5,MCF7_core,3662.5569809698122
37.5,50.0,-7.5,MCF7_core,2575.7753084021315
37.5,50.0,7.5,MCF7_core,308.9340003554076
52.5,-50.0,-7.5,MCF7_core,3300.803929415485
52.5,-50.0,7.5,MCF7_core,1940.3320543224547
52.5,-30.0,-7.5,MCF7_core,3746.577734113079
52.5,-30.0,7.5,MCF7_core,3082.2359425828013
52.5,-10.0,-7.5,MCF7_core,254.24532532931303
52.5,-10.0,7.5,MCF7_core,2342.0714382396836
52.5,10.0,-7.5,MCF7_core,3927.8622475342927
52.5,10.0,7.5,MCF7_core,1283.5333358260623
52.5,30.0,-7.5,MCF7_core,1628.2014571763846
52.5,30.0,7.5,MCF7_core,3940.0239298942743
52.5,50.0,-7.5,MCF7_core,1059.4862545518354
52.5,50.0,7.5,MCF7_core,2655.5320380835246
67.5,-50.0,-7.5,MCF7_core,1261.0838141428105
67.5,-50.0,7.5,MCF7_core,4351.577153180149
67.5,-30.0,-7.5,MCF7_core,3654.7203138527934
67.5,-30.0,7.5,MCF7_core,2148.7013889725313
67.5,-10.0,-7.5,MCF7_core,590.4741814990397
67.5,-10.0,7.5,MCF7_core,1606.3675128906598
67.5,10.0,-7.5,MCF7_core,2402.9667361587294
67.5,10.0,7.5,MCF7_core,4204.42884795724
67.5,30.0,-7.5,MCF7_core,711.7834551786934
67.5,30.0,7.5,MCF7_core,2586.6628699747193
67.5,50.0,-7.5,MCF7_core,3245.079065553639
67.5,50.0,7.5,MCF7_core,2570.4399758502514
82.5,-50.0,-7.5,MCF7_core,3702.576606982607
82.5,-50.0,7.5,MCF7_core,2540.0944368327796
82.5,-30.0,-7.5,MCF7_core,4335.882667219721
82.5,-30.0,7.5,MCF7_core,2806.786425430672
82.5,-10.0,-7.5,MCF7_core,2740.7788286910154
82.5,-10.0,7.5,MCF7_core,2136.0644736029335
82.5,10.0,-7.5,MCF7_core,2777.5370357400543
82.5,10.0,7.5,MCF7_core,1881.303878694886
82.5,30.0,-7.5,MCF7_core,2690.0451698562947
82.5,30.0,7.5,MCF7_core,1480.3390242872135
82.5,50.0,-7.5,MCF7_core,1052.3813548047592
82.5,50.0,7.5,MCF7_core,1041.0958538979025
97.5,-50.0,-7.5,MCF7_core,2847.435728006919
97.5,-50.0,7.5,MCF7_core,3033.5044774382286
97.5,-30.0,-7.5,MCF7_core,2269.7960999213724
97.5,-30.0,7.5,MCF7_core,630.2373265970781
97.5,-10.0,-7.5,MCF7_core,3461.489108353299
97.5,-10.0,7.5,MCF7_core,3966.7310182144006
97.5,10.0,-7.5,MCF7_core,4164.35083140904
97.5,10.0,7.5,MCF7_core,3821.2628540697456
97.5,30.0,-7.5,MCF7_core,4057.4743999331354
97.5,30.0,7.5,MCF7_core,4163.084928349585
97.5,50.0,-7.5,MCF7_core,2541.4355617947613
97.5,50.0,7.5,MCF7_core,1908.4169937847628
112.5,-50.0,-7.5,MCF7_core,3239.660558702712
112.5,-50.0,7.5,MCF7_core,1418.0335475391569
112.5,-30.0,-7.5,MCF7_core,3690.5433983317034
112.5,-30.0,7.5,MCF7_core,3851.0505951971595
112.5,-10.0,-7.5,MCF7_core,4044.1862140956177
112.5,-10.0,7.5,MCF7_core,2750.0390579354116
112.5,10.0,-7.5,MCF7_core,4276.213109529544
112.5,10.0,7.5,MCF7_core,2707.1909065592204
112.5,30.0,-7.5,MCF7_core,2159.697459494772
112.5,30.0,7.5,MCF7_core,3048.708356283205
112.5,50.0,-7.5,MCF7_core,4473.3339872912775
112.5,50.0,7.5,MCF7_core,4137.0473758536245
127.5,-50.0,-7.5,MCF7_core,3612.9396916953247
127.5,-50.0,7.5,MCF7_core,598.6449953561457
127.5,-30.0,-7.5,MCF7_core,2847.477808751612
127.5,-30.0,7.5,MCF7_core,2311.8261275088735
127.5,-10.0,-7.5,MCF7_core,2921.0986938765627
127.5,-10.0,7.5,MCF7_core,3832.3599053320904
127.5,10.0,-7.5,MCF7_core,1279.8224304178582
127.5,10.0,7.5,MCF7_core,3350.7679983090366
127.5,30.0,-7.5,MCF7_core,746.0259763454745
127.5,30.0,7.5,MCF7_core,1184.1085842122195
127.5,50.0,-7.5,MCF7_core,3618.2728834585
127.5,50.0,7.5,MCF7_core,1659.2867654614954
142.5,-50.0,-7.5,MCF7_core,3708.7083466834097
142.5,-50.0,7.5,MCF7_core,675.9557642122047
142.5,-30.0,-7.5,MCF7_core,869.9307212903859
142.5,-30.0,7.5,MCF7_core,3207.3839802828147
142.5,-10.0,-7.5,MCF7_core,441.18340093662323
142.5,-10.0,7.5,MCF7_core,2682.4772227787103
142.5,10.0,-7.5,MCF7_core,4107.685899120988
142.5,10.0,7.5,MCF7_core,2514.2925458318177
142.5,30.0,-7.5,MCF7_core,3134.9618042374555
142.5,30.0,7.5,MCF7_core,362.58907000881766
142.5,50.0,-7.5,MCF7_core,2941.672618042601
142.5,50.0,7.5,MCF7_core,2820.1536235943377
157.5,-50.0,-7.5,MCF7_core,2691.3253090641265
157.5,-50.0,7.5,MCF7_core,1908.0496536469216
157.5,-30.0,-7.5,MCF7_core,1818.7193190331282
157.5,-30.0,7.5,MCF7_core,4406.59449541429
157.5,-10.0,-7.5,MCF7_core,403.6949610651775
157.5,-10.0,7.5,MCF7_core,341.1344744833311
157.5,10.0,-7.5,MCF7_core,4323.980421959904
157.5,10.0,7.5,MCF7_core,1033.6440371368592
157.5,30.0,-7.5,MCF7_core,774.6907181267056
157.5,30.0,7.5,MCF7_core,1142.2022866174036
157.5,50.0,-7.5,MCF7_core,3644.4053937836566
157.5,50.0,7.5,MCF7_core,4221.961838821294
172.5,-50.0,-7.5,MCF7_core,345.9935643199778
172.5,-50.0,7.5,MCF7_core,2053.9387237729115
172.5,-30.0,-7.5,MCF7_core,679.740630102605
172.5,-30.0,7.5,MCF7_core,1351.4083487436492
172.5,-10.0,-7.5,MCF7_core,1185.6719445269223
172.5,-10.0,7.5,MCF7_core,2992.2356669578007
172.5,10.0,-7.5,MCF7_core,1734.5763629678177
172.5,10.0,7.5,MCF7_core,1013.9118389055706
172.5,30.0,-7.5,MCF7_core,2384.71805478888
172.5,30.0,7.5,MCF7_core,416.35784229767876
172.5,50.0,-7.5,MCF7_core,677.2858783929806
172.5,50.0,7.5,MCF7_core,4439.3193835536595
187.5,-50.0,-7.5,MCF7_core,1094.6286804222536
187.5,-50.0,7.5,MCF7_core,1769.6027665009296
187.5,-30.0,-7.5,MCF7_core,3351.230498734284
187.5,-30.0,7.5,MCF7_core,3803.736971107047
187.5,-10.0,-7.5,MCF7_core,4143.5802464478065
187.5,-10.0,7.5,MCF7_core,967.7264449320435
187.5,10.0,-7.5,MCF7_core,3101.2614614370286
187.5,10.0,7.5,MCF7_core,4347.374039122488
187.5,30.0,-7.5,MCF7_core,495.52439163558904
187.5,30.0,7.5,MCF7_core,3116.360325072504
187.5,50.0,-7.5,MCF7_core,3833.8311923761134
187.5,50.0,7.5,MCF7_core,1700.7367116649807
202.5,-50.0,-7.5,MCF7_core,1312.2641811010167
202.5,-50.0,7.5,MCF7_core,2779.676150031609
202.5,-30.0,-7.5,MCF7_core,2124.723040077355
202.5,-30.0,7.5,MCF7_core,990.5996501772202
202.5,-10.0,-7.5,MCF7_core,2248.9974349252416
202.5,-10.0,7.5,MCF7_core,1987.3168965089
202.5,10.0,-7.5,MCF7_core,2662.324193035043
202.5,10.0,7.5,MCF7_core,2405.7628314395524
202.5,30.0,-7.5,MCF7_core,1569.868755040677
202.5,30.0,7.5,MCF7_core,1763.6517038461966
202.5,50.0,-7.5,MCF7_core,3800.9158470895977
202.5,50.0,7.5,MCF7_core,1313.3043123128969
217.5,-50.0,-7.5,MCF7_core,2626.232807895171
217.5,-50.0,7.5,MCF7_core,302.1275045725272
217.5,-30.0,-7.5,MCF7_core,3393.5270453457315
217.5,-30.0,7.5,MCF7_core,1673.6190076565783
217.5,-10.0,-7.5,MCF7_core,443.1439934313729
217.5,-10.0,7.5,MCF7_core,1440.288439652953
217.5,10.0,-7.5,MCF7_core,1267.5049031021756
217.5,10.0,7.5,MCF7_core,4290.477775001902
217.5,30.0,-7.5,MCF7_core,1742.7659357134485
217.5,30.0,7.5,MCF7_core,1469.944783408165
217.5,50.0,-7.5,MCF7_core,1772.341236116434
217.5,50.0,7.5,MCF7_core,4264.091362022326
232.5,-50.0,-7.5,MCF7_core,2936.364143966381
232.5,-50.0,7.5,MCF7_core,2882.641610054026
232.5,-30.0,-7.5,MCF7_core,3283.4829214081146
232.5,-30.0,7.5,MCF7_core,1894.5154742779616
232.5,-10.0,-7.5,MCF7_core,2006.4493866978733
232.5,-10.0,7.5,MCF7_core,3008.8011694241304
232.5,10.0,-7.5,MCF7_core,255.86239582812226
232.5,10.0,7.5,MCF7_core,1064.7539929691766
232.5,30.0,-7.5,MCF7_core,1667.1962880708743
232.5,30.0,7.5,MCF7_core,1264.4757879964272
232.5,50.0,-7.5,MCF7_core,2951.8459809080073
232.5,50.0,7.5,MCF7_core,1854.792088555856
247.5,-50.0,-7.5,MCF7_core,3961.0200961848504
247.5,-50.0,7.5,MCF7_core,2658.2483943750317
247.5,-30.0,-7.5,MCF7_core,2006.4002406593154
247.5,-30.0,7.5,MCF7_core,1954.9319450898736
247.5,-10.0,-7.5,MCF7_core,3225.017239553997
247.5,-10.0,7.5,MCF7_core,2022.5969406493978
247.5,10.0,-7.5,MCF7_core,3056.978130071191
247.5,10.0,7.5,MCF7_core,447.73651251963327
247.5,30.0,-7.5,MCF7_core,2137.6042139698948
247.5,30.0,7.5,MCF7_core,1348.4703100315353
247.5,50.0,-7.5,MCF7_core,917.9595284841736
247.5,50.0,7.5,MCF7_core,2486.2045572846528
262.5,-50.0,-7.5,MCF7_core,2315.3086954124824
262.5,-50.0,7.5,MCF7_core,2629.6446036200473
262.5,-30.0,-7.5,MCF7_core,3452.5043162233624
262.5,-30.0,7.5,MCF7_core,3996.853878983642
262.5,-10.0,-7.5,MCF7_core,2346.3316058571413
262.5,-10.0,7.5,MCF7_core,1572.4645531582582
262.5,10.0,-7.5,MCF7_core,2228.9296994476294
262.5,10.0,7.5,MCF7_core,3679.5926260364645
262.5,30.0,-7.5,MCF7_core,3959.2942422100537
262.5,30.0,7.5,MCF7_core,3693.876830235866
262.5,50.0,-7.5,MCF7_core,1046.4878865167007
262.5,50.0,7.5,MCF7_core,4486.742440018709
277.5,-50.0,-7.5,MCF7_core,2933.56972430161
277.5,-50.0,7.5,MCF7_core,603.2835993350571
277.5,-30.0,-7.5,MCF7_core,3325.6053562848724
277.5,-30.0,7.5,MCF7_core,4433.325711773702
277.5,-10.0,-7.5,MCF7_core,1953.0229628167424
277.5,-10.0,7.5,MCF7_core,3126.1679192248976
277.5,10.0,-7.5,MCF7_core,1589.9278263910473
277.5,10.0,7.5,MCF7_core,1154.7018622218986
277.5,30.0,-7.5,MCF7_core,3290.710902810136
277.5,30.0,7.5,MCF7_core,259.39560289711665
277.5,50.0,-7.5,MCF7_core,3737.6166343710966
277.5,50.0,7.5,MCF7_core,2489.4812726901496
292.5,-50.0,-7.5,MCF7_core,663.9860523664354
292.5,-50.0,7.5,MCF7_core,753.5287331083654
292.5,-30.0,-7.5,MCF7_core,3002.1555484747123
292.5,-30.0,7.5,MCF7_core,3953.5174825726717
292.5,-10.0,-7.5,MCF7_core,1436.4708351572745
292.5,-10.0,7.5,MCF7_core,4398.108688881853
292.5,10.0,-7.5,MCF7_core,674.1460854923135
292.5,10.0,7.5,MCF7_core,3869.9267970707947
292.5,30.0,-7.5,MCF7_core,1931.3124526475688
292.5,30.0,7.5,MCF7_core,594.2882980139592
292.5,50.0,-7.5,MCF7_core,1414.1317533289875
292.5,50.0,7.5,MCF7_core,2169.936907990993
